,model_name,fit_time,score_time,train_accuracy,train_balanced_accuracy,train_roc_auc,train_recall,train_precision,train_f1,test_score,test_roc_auc,test_accuracy,test_balanced_accuracy,test_precision,test_recall,test_f1
0,LightGBM,146.14972352981567,1.3569802284240722,0.8481633849406987,0.8481264928603863,0.8481510387415245,0.8424077585714856,0.8527615212753842,0.8466075704080259,0.5479245064315413,0.5479713410276204,0.7592443480953855,0.5479713410276204,0.10534037558685445,0.29991645781119464,0.15591748099891423
