,model_name,mean_fit_time,mean_score_time,mean_train_accuracy,mean_train_balanced_accuracy,mean_train_roc_auc,mean_train_recall,mean_train_precision,mean_train_f1,test_score,test_roc_auc,test_accuracy,test_balanced_accuracy,test_precision,test_recall,test_f1
0,LightGBM,146.67282891273499,1.0457352161407472,0.7973809000408254,0.797437684375236,0.7975150549746225,0.832063628670787,0.7829049525692292,0.8049830932293339,0.5665276215693098,0.5650898330028085,0.6308454629916382,0.5650898330028085,0.09846568875400438,0.4878863826232247,0.1638608305274972
